Box_width,64
Box_height,22
Final_area,562
Centroid_x,63.49110320284697
Centroid_y,25.537366548042705
intensity,111948.0
orientation,1.469075425562702
