Box_width,64
Box_height,23
Final_area,583
Centroid_x,64.20583190394511
Centroid_y,24.97598627787307
intensity,116218.0
orientation,1.4645076041456786
