Box_width,64
Box_height,23
Final_area,565
Centroid_x,64.33451327433629
Centroid_y,25.679646017699117
intensity,112564.0
orientation,1.4670530996460012
