Box_width,64
Box_height,23
Final_area,588
Centroid_x,63.89625850340136
Centroid_y,24.243197278911566
intensity,116794.0
orientation,1.4693797600846021
