Box_width,66
Box_height,24
Final_area,587
Centroid_x,62.32708688245315
Centroid_y,26.07155025553663
intensity,116737.0
orientation,1.4757335946240262
