Box_width,67
Box_height,24
Final_area,605
Centroid_x,63.05289256198347
Centroid_y,25.570247933884296
intensity,118549.0
orientation,1.4697522167244166
