Box_width,67
Box_height,24
Final_area,593
Centroid_x,63.31028667790894
Centroid_y,26.433389544688026
intensity,116636.0
orientation,1.4713900110333165
