Box_width,69
Box_height,24
Final_area,617
Centroid_x,63.54132901134522
Centroid_y,25.79740680713128
intensity,120460.0
orientation,1.4735057934137568
