Box_width,72
Box_height,25
Final_area,621
Centroid_x,63.04669887278583
Centroid_y,26.761674718196456
intensity,121555.0
orientation,1.470912275889968
