Box_width,73
Box_height,25
Final_area,662
Centroid_x,63.283987915407856
Centroid_y,26.358006042296072
intensity,127637.0
orientation,1.472085013774875
