Box_width,72
Box_height,20
Final_area,524
Centroid_x,57.04389312977099
Centroid_y,24.959923664122137
intensity,99461.0
orientation,-1.5158228069086859
