Box_width,73
Box_height,22
Final_area,551
Centroid_x,55.099818511796734
Centroid_y,24.98185117967332
intensity,103460.0
orientation,-1.508418907914848
