Box_width,79
Box_height,26
Final_area,699
Centroid_x,63.82546494992847
Centroid_y,27.09728183118741
intensity,129659.0
orientation,1.4646391556494847
