Box_width,81
Box_height,28
Final_area,726
Centroid_x,64.76997245179064
Centroid_y,27.35123966942149
intensity,132633.0
orientation,1.460896343572597
