Box_width,82
Box_height,28
Final_area,759
Centroid_x,63.64953886693017
Centroid_y,27.7167325428195
intensity,138137.0
orientation,1.4601936041320784
