Box_width,83
Box_height,29
Final_area,788
Centroid_x,63.89720812182741
Centroid_y,27.039340101522843
intensity,142281.0
orientation,1.4622190086558489
