Box_width,84
Box_height,29
Final_area,779
Centroid_x,62.85494223363286
Centroid_y,27.41206675224647
intensity,139160.0
orientation,1.46484932462127
