Box_width,85
Box_height,29
Final_area,801
Centroid_x,62.96629213483146
Centroid_y,27.644194756554306
intensity,141937.0
orientation,1.4732888453533812
