Box_width,85
Box_height,29
Final_area,797
Centroid_x,62.19447929736512
Centroid_y,26.958594730238396
intensity,141481.0
orientation,1.4779548789883061
