Box_width,86
Box_height,28
Final_area,804
Centroid_x,62.950248756218905
Centroid_y,28.036069651741293
intensity,141563.0
orientation,1.4875816473655852
