Box_width,86
Box_height,31
Final_area,829
Centroid_x,63.21230398069964
Centroid_y,28.3437876960193
intensity,148396.0
orientation,1.4875009048600065
