Box_width,87
Box_height,28
Final_area,835
Centroid_x,63.91736526946108
Centroid_y,27.33892215568862
intensity,147919.0
orientation,1.5008503536834048
