Box_width,87
Box_height,28
Final_area,822
Centroid_x,63.18248175182482
Centroid_y,26.68126520681265
intensity,144965.0
orientation,1.5010225620628581
