Box_width,88
Box_height,26
Final_area,823
Centroid_x,64.46051032806804
Centroid_y,27.904009720534628
intensity,142764.0
orientation,1.5012083158391536
