Box_width,91
Box_height,25
Final_area,827
Centroid_x,65.38089480048367
Centroid_y,27.77992744860943
intensity,143060.0
orientation,1.5076726116960322
