Box_width,92
Box_height,23
Final_area,787
Centroid_x,64.58958068614993
Centroid_y,26.898348157560356
intensity,135476.0
orientation,1.5147446506984337
