Box_width,93
Box_height,22
Final_area,810
Centroid_x,65.99876543209876
Centroid_y,26.974074074074075
intensity,139605.0
orientation,1.5179272285269552
