Box_width,94
Box_height,22
Final_area,788
Centroid_x,65.95431472081218
Centroid_y,26.133248730964468
intensity,135857.0
orientation,1.5237854328666927
