Box_width,95
Box_height,21
Final_area,795
Centroid_x,65.82389937106919
Centroid_y,25.99874213836478
intensity,136772.0
orientation,1.5255039325926179
