Box_width,96
Box_height,21
Final_area,788
Centroid_x,65.70939086294416
Centroid_y,26.076142131979694
intensity,136571.0
orientation,1.527346112545656
