Box_width,96
Box_height,21
Final_area,794
Centroid_x,65.360201511335
Centroid_y,25.124685138539043
intensity,136910.0
orientation,1.527096441389912
