Box_width,52
Box_height,7
Final_area,244
Centroid_x,83.9139344262295
Centroid_y,26.684426229508198
intensity,49111.0
orientation,1.5386057875883397
