Box_width,52
Box_height,8
Final_area,268
Centroid_x,84.27985074626865
Centroid_y,25.238805970149254
intensity,53643.0
orientation,1.5333153574569454
