Box_width,45
Box_height,6
Final_area,151
Centroid_x,84.62251655629139
Centroid_y,24.172185430463575
intensity,34781.0
orientation,1.5091328666784602
