Box_width,47
Box_height,7
Final_area,171
Centroid_x,87.35087719298245
Centroid_y,26.707602339181285
intensity,38475.0
orientation,1.5026375099239815
