Box_width,58
Box_height,10
Final_area,370
Centroid_x,83.92702702702702
Centroid_y,22.978378378378377
intensity,50042.0
orientation,1.504944309149942
