Box_width,50
Box_height,7
Final_area,124
Centroid_x,87.25806451612904
Centroid_y,26.991935483870968
intensity,29378.0
orientation,1.507344657143892
