Box_width,49
Box_height,7
Final_area,106
Centroid_x,82.74528301886792
Centroid_y,24.08490566037736
intensity,25169.0
orientation,1.5022522653094752
