Box_width,157
Box_height,112
Final_area,16466
Centroid_x,77.7504554840277
Centroid_y,56.35661362808211
intensity,786687.0
orientation,-1.5521033497873988
