Box_width,158
Box_height,112
Final_area,16908
Centroid_x,78.42565649396735
Centroid_y,56.06310622190679
intensity,829218.9999999999
orientation,-1.5539032354874245
