Box_width,154
Box_height,110
Final_area,15961
Centroid_x,76.40166656224547
Centroid_y,55.44289204937034
intensity,764342.0
orientation,-1.5504437251050265
