Box_width,158
Box_height,114
Final_area,16789
Centroid_x,78.29024956816963
Centroid_y,57.09452617785455
intensity,806469.0
orientation,-1.550315657326436
