Box_width,157
Box_height,111
Final_area,15926
Centroid_x,77.73332914730629
Centroid_y,56.18416425970112
intensity,744489.0
orientation,-1.5524661659110985
