Box_width,157
Box_height,111
Final_area,16054
Centroid_x,77.6939080602965
Centroid_y,56.18637099788215
intensity,758862.0
orientation,-1.5541469163386628
