Box_width,158
Box_height,111
Final_area,16312
Centroid_x,78.35771211378126
Centroid_y,55.93728543403629
intensity,775931.0
orientation,-1.5527315721587975
