Box_width,159
Box_height,111
Final_area,16339
Centroid_x,78.89754574943387
Centroid_y,55.97190770548993
intensity,773888.0
orientation,-1.5541476003757657
