Box_width,159
Box_height,109
Final_area,16142
Centroid_x,78.85844381117582
Centroid_y,55.02855903853302
intensity,765102.0
orientation,-1.5552199855180404
