Box_width,156
Box_height,109
Final_area,15839
Centroid_x,77.3917545299577
Centroid_y,55.02058210745628
intensity,750075.0
orientation,-1.555019351709254
