Box_width,157
Box_height,109
Final_area,15898
Centroid_x,77.7670776198264
Centroid_y,55.16297647502831
intensity,748961.0
orientation,-1.5585801953387248
