Box_width,155
Box_height,78
Final_area,11209
Centroid_x,77.08270140066018
Centroid_y,39.392809349629765
intensity,484745.0
orientation,-1.5625975675557544
