Box_width,159
Box_height,81
Final_area,12073
Centroid_x,79.00256771307878
Centroid_y,40.573759628924044
intensity,537601.0
orientation,-1.5644966505063291
