Box_width,123
Box_height,108
Final_area,12724
Centroid_x,61.81169443571204
Centroid_y,54.39177931468092
intensity,600006.0
orientation,-1.4786345304945614
