Box_width,156
Box_height,77
Final_area,11391
Centroid_x,77.64691423053287
Centroid_y,38.69133526468264
intensity,505662.0
orientation,-1.5644400333235386
