Box_width,157
Box_height,77
Final_area,11440
Centroid_x,78.19536713286713
Centroid_y,38.62657342657343
intensity,512937.0
orientation,-1.564833949297549
