Box_width,156
Box_height,78
Final_area,11510
Centroid_x,77.624674196351
Centroid_y,39.149348392701995
intensity,516851.0
orientation,-1.5647745500046366
