Box_width,160
Box_height,78
Final_area,11785
Centroid_x,79.47008909630887
Centroid_y,38.8434450572762
intensity,542587.0
orientation,-1.5660035118628355
