Box_width,158
Box_height,77
Final_area,11550
Centroid_x,78.58883116883116
Centroid_y,38.48285714285714
intensity,531213.0
orientation,-1.565079517082302
