Box_width,159
Box_height,78
Final_area,11871
Centroid_x,79.11810293993766
Centroid_y,38.899587229382526
intensity,559078.0
orientation,-1.5653134307603769
