Box_width,159
Box_height,77
Final_area,11683
Centroid_x,79.0923564153043
Centroid_y,38.37310622271677
intensity,547518.0
orientation,-1.5651281899644647
