Box_width,161
Box_height,77
Final_area,11792
Centroid_x,80.11550203527815
Centroid_y,38.39060379918589
intensity,555643.0
orientation,-1.5655250627224555
