Box_width,161
Box_height,78
Final_area,12204
Centroid_x,80.1143887250082
Centroid_y,38.7303343166175
intensity,598191.0
orientation,-1.5661100535745414
