Box_width,65
Box_height,11
Final_area,337
Centroid_x,39.20771513353116
Centroid_y,48.07121661721068
intensity,36013.0
orientation,1.5169444049999516
