Box_width,66
Box_height,10
Final_area,325
Centroid_x,39.175384615384615
Centroid_y,48.550769230769234
intensity,37781.0
orientation,1.5230966041912803
