Box_width,65
Box_height,10
Final_area,295
Centroid_x,38.86779661016949
Centroid_y,47.71864406779661
intensity,40751.0
orientation,1.5155954688270337
