Box_width,65
Box_height,10
Final_area,291
Centroid_x,40.52577319587629
Centroid_y,16.780068728522338
intensity,40814.0
orientation,1.511265013804472
