Box_width,64
Box_height,10
Final_area,275
Centroid_x,40.32727272727273
Centroid_y,49.44
intensity,35574.00000000001
orientation,1.5115907783969944
