Box_width,67
Box_height,11
Final_area,327
Centroid_x,39.116207951070336
Centroid_y,45.162079510703364
intensity,46484.0
orientation,1.5149128492808706
