Box_width,66
Box_height,11
Final_area,299
Centroid_x,40.130434782608695
Centroid_y,46.55518394648829
intensity,43231.0
orientation,1.5125028716281574
