Box_width,66
Box_height,11
Final_area,272
Centroid_x,39.088235294117645
Centroid_y,45.64705882352941
intensity,44460.0
orientation,1.5138283609867405
