Box_width,72
Box_height,10
Final_area,353
Centroid_x,31.864022662889518
Centroid_y,47.328611898016995
intensity,36107.0
orientation,1.5675680626842
