Box_width,69
Box_height,11
Final_area,264
Centroid_x,39.041666666666664
Centroid_y,45.54545454545455
intensity,44692.0
orientation,1.51895258673718
