Box_width,72
Box_height,12
Final_area,306
Centroid_x,38.04248366013072
Centroid_y,46.37581699346405
intensity,52855.0
orientation,1.5202789175745246
