Box_width,75
Box_height,11
Final_area,371
Centroid_x,30.088948787061994
Centroid_y,43.87601078167116
intensity,42778.0
orientation,1.5548946442591327
