Box_width,74
Box_height,13
Final_area,388
Centroid_x,67.50515463917526
Centroid_y,43.11340206185567
intensity,53736.0
orientation,1.5172224057308434
