Box_width,75
Box_height,13
Final_area,352
Centroid_x,67.39204545454545
Centroid_y,42.46306818181818
intensity,52925.99999999999
orientation,1.5214043121705092
