Box_width,75
Box_height,12
Final_area,346
Centroid_x,67.14161849710983
Centroid_y,40.528901734104046
intensity,52877.00000000001
orientation,1.5213368564053067
