Box_width,77
Box_height,13
Final_area,414
Centroid_x,67.01932367149759
Centroid_y,41.58454106280193
intensity,57559.0
orientation,1.515583064212361
