Box_width,77
Box_height,14
Final_area,414
Centroid_x,65.44685990338164
Centroid_y,40.16425120772947
intensity,58572.0
orientation,1.5123643334450714
