Box_width,79
Box_height,13
Final_area,411
Centroid_x,34.338199513381994
Centroid_y,41.95863746958638
intensity,64122.0
orientation,1.532650102151573
