Box_width,80
Box_height,13
Final_area,404
Centroid_x,34.227722772277225
Centroid_y,42.9529702970297
intensity,62703.00000000001
orientation,1.532903520263532
