Box_width,80
Box_height,14
Final_area,465
Centroid_x,35.38709677419355
Centroid_y,44.4989247311828
intensity,71882.0
orientation,1.5328139515757022
