Box_width,79
Box_height,13
Final_area,429
Centroid_x,66.94871794871794
Centroid_y,42.78787878787879
intensity,70022.0
orientation,1.5252548900874834
