Box_width,21
Box_height,6
Final_area,87
Centroid_x,8.218390804597702
Centroid_y,45.9080459770115
intensity,13732.0
orientation,-1.4742881598446438
