Box_width,13
Box_height,5
Final_area,43
Centroid_x,44.348837209302324
Centroid_y,42.116279069767444
intensity,8463.0
orientation,-1.3905909468368027
