Box_width,15
Box_height,5
Final_area,52
Centroid_x,43.34615384615385
Centroid_y,42.07692307692308
intensity,9569.0
orientation,-1.4043102883385183
