Box_width,14
Box_height,6
Final_area,52
Centroid_x,46.71153846153846
Centroid_y,45.71153846153846
intensity,9174.0
orientation,-1.4156224084851896
