Box_width,81
Box_height,11
Final_area,509
Centroid_x,36.06876227897839
Centroid_y,43.79371316306483
intensity,67294.0
orientation,1.5406247925698242
